{"stats":{"minecraft:mined":{"minecraft:candle":10,"minecells:wilted_leaves":1,"regions_unexplored:magnolia_log":1,"minecells:putrid_planks":1,"regions_unexplored:pink_magnolia_shrub":1,"minecraft:grass_block":2,"regions_unexplored:pine_shrub":1,"minecraft:tall_grass":1,"regions_unexplored:maple_leaves":2,"regions_unexplored:pine_planks":6,"regions_unexplored:pine_log":3,"minecraft:large_fern":2,"regions_unexplored:hyssop":1,"regions_unexplored:white_magnolia_shrub":3,"treechop:chopped_log":3,"minecells:crate":1,"minecells:prison_torch":2,"minecraft:grass":10,"regions_unexplored:medium_grass":7,"minecraft:small_dripleaf":1,"minecells:alchemy_equipment_1":1,"minecraft:fern":1},"minecraft:used":{"regions_unexplored:pine_planks":58,"minecraft:stone_sword":16,"simplyswords:gold_glaive":14,"minecraft:shield":5,"minecraft:dirt":2,"minecraft:crafting_table":2,"simplyswords:diamond_claymore":72,"minecraft:carrot":2,"regions_unexplored:magnolia_log":1,"regions_unexplored:hyssop":1,"minecraft:wooden_axe":10,"minecraft:bread":11,"simplyswords:diamond_cutlass":5,"minecraft:spruce_trapdoor":1,"simplyswords:shadowsting":1,"minecells:crate":1,"mcdw:hammer_great_hammer":11},"minecraft:killed_by":{"minecraft:player":1,"minecraft:creeper":3,"minecraft:spider":1},"minecraft:crafted":{"minecraft:crafting_table":2,"regions_unexplored:pine_planks":100,"minecraft:iron_boots":1,"minecraft:iron_chestplate":1,"minecraft:stick":20,"minecraft:wooden_axe":1,"minecraft:iron_leggings":1},"minecraft:picked_up":{"minecells:crate":1,"regions_unexplored:magnolia_log":13,"regions_unexplored:white_magnolia_shrub":3,"minecraft:brown_concrete":13,"minecraft:shield":1,"minecraft:gunpowder":3,"minecraft:dirt":2,"minecells:putrid_planks":1,"minecells:prison_torch":2,"minecraft:candle":14,"minecraft:bow":1,"minecraft:gray_terracotta":14,"minecraft:wheat_seeds":5,"regions_unexplored:pine_log":25,"minecells:nutcracker":1,"minecraft:spore_blossom":2,"bewitchment:mandrake_seeds":1,"minecraft:iron_ingot":5,"fishofthieves:earthworms":1,"minecraft:poppy":2,"twigs:twig":7,"minecraft:moss_block":20,"regions_unexplored:pine_shrub":1,"minecraft:spruce_trapdoor":3,"minecells:guts":2,"minecraft:stick":1,"minecells:monster_cell":3,"regions_unexplored:pine_sapling":1,"minecells:infected_flesh":1,"minecraft:spruce_stairs":3,"regions_unexplored:pine_planks":6,"regions_unexplored:pink_magnolia_shrub":1,"minecraft:carrot":2,"simplyswords:gold_glaive":1,"regions_unexplored:pink_magnolia_sapling":2,"minecraft:oak_wood":3,"regions_unexplored:hyssop":1,"minecraft:arrow":3,"minecraft:rotten_flesh":3,"simplyswords:soulstealer":2,"farmersdelight:onion":7,"spellbladenext:frost_blade":1,"regions_unexplored:magnolia_sapling":7,"minecraft:cobblestone":4},"minecraft:dropped":{"minecraft:enchanted_book":1,"simplyswords:diamond_cutlass":1,"minecraft:moss_block":20,"regions_unexplored:pine_planks":2,"minecraft:wheat_seeds":1,"paladins:holy_wand":1,"spellbladenext:crystal_cutlass":1,"minecraft:spore_blossom":2,"minecells:putrid_planks":1,"minecraft:rotten_flesh":2,"archon:spike_tome":1,"minecraft:spruce_stairs":3,"minecraft:poppy":2,"simplyswords:shadowsting":1,"minecells:infected_flesh":1,"minecraft:gray_terracotta":14,"minecraft:gunpowder":1,"minecraft:shield":1,"simplyswords:soulstealer":2,"simplyswords:gold_katana":1,"spellbladenext:frost_blade":2,"minecraft:chain":1,"minecraft:paper":1,"minecraft:string":13,"minecraft:brown_concrete":4},"minecraft:custom":{"lootr:looted_stat":47,"minecraft:mob_kills":20,"minecraft:interact_with_crafting_table":3,"minecraft:damage_dealt_resisted":0,"minecraft:leave_game":1,"minecraft:time_since_death":24761,"minecraft:climb_one_cm":2488,"minecraft:hex":0,"minecraft:time_since_rest":24813,"minecraft:sprint_one_cm":155171,"minecraft:damage_taken":2574,"minecraft:walk_one_cm":112736,"minecraft:damage_blocked_by_shield":133,"minecraft:drop":28,"minecraft:damage_dealt":4578,"minecraft:swim_one_cm":10834,"minecraft:fly_one_cm":175908,"minecraft:crouch_one_cm":2928,"minecraft:play_time":53772,"minecraft:deaths":5,"minecraft:sneak_time":2057,"minecraft:walk_under_water_one_cm":2526,"minecraft:jump":961,"minecraft:walk_on_water_one_cm":5880,"minecraft:total_world_time":53772,"minecraft:fall_one_cm":29005},"minecraft:killed":{"naturalist:bear":1,"minecells:undead_archer":2,"minecraft:iron_golem":1,"fishofthieves:pondie":4,"minecraft:zombie":1,"minecells:shieldbearer":2,"minecells:leaping_zombie":4,"minecells:grenadier":2,"minecraft:villager":3}},"DataVersion":3465}