{"stats":{"minecraft:crafted":{"minecraft:crafting_table":1,"immersive_armors:heavy_chestplate":1,"minecraft:wooden_pickaxe":1,"minecraft:stone_axe":1,"minecraft:stick":8,"minecraft:stone_pickaxe":1,"minecraft:iron_block":4,"regions_unexplored:magnolia_planks":56},"minecraft:killed":{"minecells:mutated_bat":1,"minecells:runner":6,"minecraft:zombie_villager":1,"minecraft:spider":2,"minecells:undead_archer":6,"minecraft:creeper":1,"minecraft:skeleton":4,"minecraft:zombie":4,"minecells:shieldbearer":8,"minecells:leaping_zombie":51,"minecells:protector":3,"minecells:grenadier":2,"minecraft:cow":9},"minecraft:killed_by":{"minecells:undead_archer":1,"minecells:leaping_zombie":1},"minecraft:mined":{"minecells:putrid_fence":1,"minecraft:cobblestone_stairs":1,"minecraft:brown_carpet":9,"minecraft:crafting_table":3,"minecraft:grass_block":2,"minecraft:tall_grass":3,"minecraft:cobblestone":3,"minecells:bloomrock":1,"treechop:chopped_log":4,"minecraft:grass":7,"minecraft:dirt_path":3,"minecraft:dirt":1,"minecells:wilted_wall_leaves":1,"minecells:king_statue":2,"regions_unexplored:medium_grass":4,"minecraft:stone":9,"minecells:bloomrock_wilted_grass_block":1,"minecraft:fern":1},"minecraft:picked_up":{"minecraft:crafting_table":3,"regions_unexplored:magnolia_log":14,"minecraft:leather_leggings":1,"minecraft:leather":3,"minecells:king_statue":2,"minecraft:gunpowder":2,"minecraft:cobblestone_stairs":1,"minecraft:string":3,"minecraft:dirt":3,"minecells:health_flask":7,"minecraft:bone":2,"minecraft:beetroot":3,"minecraft:apple":5,"minecraft:bow":2,"minecraft:wheat_seeds":6,"minecraft:beef":11,"fishofthieves:earthworms":1,"minecells:vine_rune":1,"mythicmobs:bronze_ingot":7,"minecells:transposition_core":1,"minecells:guts":9,"minecraft:stick":5,"patchouli:guide_book":1,"minecells:monster_cell":43,"minecraft:bowl":6,"minecells:infected_flesh":28,"minecells:monsters_eye":4,"minecells:arcane_goo":1,"minecells:metal_shards":3,"minecells:putrid_fence":1,"minecells:ramparts_dimensional_rune":1,"minecraft:brown_carpet":9,"minecraft:arrow":7,"minecraft:rotten_flesh":34,"minecells:explosive_bulb":1,"regions_unexplored:maple_log":10,"minecells:bloomrock":2,"minecraft:oak_sapling":2,"regions_unexplored:magnolia_sapling":16,"minecraft:cobblestone":12},"minecraft:custom":{"lootr:looted_stat":90,"minecraft:mob_kills":103,"minecraft:interact_with_crafting_table":5,"minecraft:bell_ring":5,"minecraft:damage_dealt_resisted":0,"minecraft:leave_game":4,"minecraft:time_since_death":16957,"minecraft:sleep_in_bed":3,"minecraft:climb_one_cm":12933,"minecraft:hex":0,"minecraft:time_since_rest":16980,"minecraft:sprint_one_cm":384198,"minecraft:damage_taken":4762,"minecraft:walk_one_cm":423221,"minecraft:damage_blocked_by_shield":453,"minecraft:drop":62,"minecraft:damage_dealt":19776,"minecraft:swim_one_cm":12474,"minecraft:fly_one_cm":471926,"minecraft:open_chest":1,"minecraft:play_time":181173,"minecraft:crouch_one_cm":6459,"minecraft:sneak_time":2393,"minecraft:deaths":2,"minecraft:walk_under_water_one_cm":6677,"minecraft:jump":2274,"minecraft:interact_with_brewingstand":1,"minecraft:walk_on_water_one_cm":16323,"minecraft:total_world_time":181173,"minecraft:interact_with_smoker":1,"minecraft:fall_one_cm":54241},"minecraft:dropped":{"minecraft:enchanted_book":1,"simplyswords:gold_greathammer":1,"minecraft:iron_ingot":11,"minecraft:wheat_seeds":6,"minecraft:iron_nugget":24,"minecells:transposition_core":1,"minecraft:bowl":11,"minecells:promenade_dimensional_rune":1,"minecraft:beetroot":6,"minecraft:cobblestone":6,"minecraft:rotten_flesh":24,"simplyswords:diamond_longsword":1,"minecells:greed_shield":1,"minecraft:apple":5,"minecells:arcane_goo":1,"simplyswords:iron_halberd":1,"minecells:assassins_dagger":1,"patchouli:guide_book":1,"regions_unexplored:magnolia_sapling":16,"minecells:assault_shield":1,"minecells:bloomrock":2,"minecraft:dirt":2,"minecells:infected_flesh":8,"minecraft:shield":1,"minecraft:gunpowder":1,"simplyswords:soulstealer":1,"fishofthieves:earthworms":1,"minecraft:oak_sapling":2,"beachparty:rubber_ring_pelican":1,"minecells:metal_shards":3,"minecraft:gold_nugget":4,"minecraft:arrow":1,"minecraft:bow":2,"minecells:cudgel":1,"minecraft:beef":11,"minecraft:pink_petals":1,"simplyswords:iron_claymore":1},"minecraft:used":{"minecraft:leather_leggings":1,"minecells:king_statue":1,"minecraft:cobblestone_stairs":1,"minecraft:stone_sword":42,"minecraft:stone_pickaxe":9,"minecraft:wooden_pickaxe":9,"minecraft:shield":11,"simplyswords:gold_sai":22,"minecraft:spyglass":2,"minecraft:dirt":1,"minecraft:crafting_table":3,"minecraft:carrot":2,"regions_unexplored:magnolia_planks":7,"farmersdelight:fried_rice":6,"minecraft:bread":19,"minecraft:iron_pickaxe":4,"minecraft:leather_helmet":1,"minecells:blood_sword":11,"minecells:broadsword":498,"minecells:guts":22,"minecraft:golden_carrot":1,"minecraft:stone_axe":19,"simplyswords:iron_scythe":32}},"DataVersion":3465}