{"stats":{"minecraft:mined":{"minecells:putrid_fence":1,"minecraft:cobblestone_stairs":1,"minecraft:brown_carpet":9,"minecraft:crafting_table":3,"minecraft:jungle_planks":1,"minecraft:grass_block":2,"minecraft:tall_grass":3,"minecraft:cobblestone":3,"minecells:bloomrock":1,"treechop:chopped_log":5,"minecraft:grass":19,"minecraft:dirt_path":3,"minecraft:dirt":1,"minecells:wilted_wall_leaves":1,"minecells:king_statue":3,"regions_unexplored:medium_grass":4,"minecraft:stone":9,"minecells:bloomrock_wilted_grass_block":1,"minecraft:oak_leaves":1,"minecraft:fern":2},"minecraft:used":{"minecraft:leather_leggings":1,"minecells:king_statue":3,"minecraft:cobblestone_stairs":1,"minecraft:stone_sword":42,"minecraft:stone_pickaxe":9,"minecraft:chest":2,"minecraft:wooden_pickaxe":9,"minecraft:shield":11,"simplyswords:gold_sai":22,"minecraft:spyglass":2,"minecraft:dirt":1,"minecraft:crafting_table":4,"minecraft:jungle_planks":1,"minecraft:carrot":2,"regions_unexplored:magnolia_planks":7,"farmersdelight:fried_rice":6,"minecraft:bread":19,"minecraft:iron_pickaxe":5,"minecraft:leather_helmet":1,"minecells:blood_sword":11,"minecells:broadsword":499,"minecells:guts":25,"minecraft:golden_carrot":1,"minecraft:stone_axe":42,"simplyswords:iron_scythe":32},"minecraft:killed_by":{"minecells:undead_archer":1,"minecells:leaping_zombie":1},"minecraft:crafted":{"minecraft:crafting_table":2,"immersive_armors:heavy_chestplate":1,"minecraft:wooden_pickaxe":1,"minecraft:stone_axe":1,"minecraft:jungle_planks":20,"minecraft:stick":8,"minecraft:chest":2,"minecraft:stone_pickaxe":1,"minecraft:iron_block":4,"regions_unexplored:magnolia_planks":56},"minecraft:picked_up":{"minecraft:crafting_table":3,"minecraft:jungle_log":179,"regions_unexplored:magnolia_log":14,"minecraft:leather_leggings":1,"minecraft:leather":3,"minecraft:red_mushroom":4,"minecells:king_statue":3,"minecraft:lily_pad":1,"minecraft:gunpowder":2,"minecraft:cobblestone_stairs":1,"minecraft:string":3,"minecraft:dirt":16,"minecells:health_flask":7,"minecraft:bone":2,"minecraft:beetroot":3,"minecraft:apple":5,"minecraft:bow":2,"minecraft:wheat_seeds":14,"minecraft:beef":11,"fishofthieves:earthworms":3,"minecells:vine_rune":1,"minecraft:jungle_sapling":4,"mythicmobs:bronze_ingot":7,"twigs:twig":8,"minecells:transposition_core":1,"minecells:guts":9,"minecraft:stick":5,"patchouli:guide_book":1,"minecells:monster_cell":43,"minecraft:bowl":6,"minecells:infected_flesh":28,"minecells:monsters_eye":4,"minecells:arcane_goo":1,"minecraft:jungle_planks":17,"minecells:metal_shards":3,"minecells:putrid_fence":1,"minecells:ramparts_dimensional_rune":1,"minecraft:brown_carpet":9,"minecraft:arrow":7,"minecraft:rotten_flesh":34,"minecells:explosive_bulb":1,"regions_unexplored:maple_log":10,"minecells:bloomrock":2,"minecraft:oak_sapling":2,"regions_unexplored:magnolia_sapling":16,"minecraft:cobblestone":12},"minecraft:dropped":{"minecraft:enchanted_book":1,"simplyswords:gold_greathammer":1,"minecraft:iron_ingot":11,"minecraft:wheat_seeds":14,"minecraft:iron_nugget":24,"minecells:transposition_core":1,"minecraft:bowl":11,"minecells:promenade_dimensional_rune":1,"minecraft:beetroot":6,"minecraft:cobblestone":6,"minecraft:rotten_flesh":24,"simplyswords:diamond_longsword":1,"minecells:greed_shield":1,"minecraft:apple":5,"minecells:arcane_goo":1,"minecraft:jungle_planks":16,"simplyswords:iron_halberd":1,"minecells:assassins_dagger":1,"patchouli:guide_book":1,"regions_unexplored:magnolia_sapling":16,"minecells:assault_shield":1,"minecells:bloomrock":2,"minecraft:dirt":2,"minecells:infected_flesh":8,"minecraft:shield":1,"minecraft:gunpowder":1,"simplyswords:soulstealer":1,"fishofthieves:earthworms":1,"minecraft:jungle_log":116,"minecraft:jungle_sapling":3,"minecraft:oak_sapling":2,"beachparty:rubber_ring_pelican":1,"minecells:metal_shards":3,"minecraft:gold_nugget":4,"minecraft:arrow":1,"minecraft:bow":2,"minecells:cudgel":1,"minecraft:beef":11,"minecraft:pink_petals":1,"minecraft:lily_pad":1,"simplyswords:iron_claymore":1},"minecraft:custom":{"lootr:looted_stat":90,"minecraft:mob_kills":103,"minecraft:interact_with_crafting_table":11,"minecraft:bell_ring":5,"minecraft:damage_dealt_resisted":0,"minecraft:leave_game":10,"minecraft:time_since_death":55320,"minecraft:sleep_in_bed":3,"minecraft:climb_one_cm":13032,"minecraft:hex":0,"minecraft:time_since_rest":55343,"minecraft:sprint_one_cm":392876,"minecraft:damage_taken":4778,"minecraft:walk_one_cm":443266,"minecraft:damage_blocked_by_shield":453,"minecraft:drop":73,"minecraft:damage_dealt":19776,"minecraft:swim_one_cm":19269,"minecraft:fly_one_cm":508699,"minecraft:open_chest":11,"minecraft:play_time":219536,"minecraft:crouch_one_cm":7414,"minecraft:sneak_time":2975,"minecraft:deaths":2,"minecraft:walk_under_water_one_cm":10678,"minecraft:jump":2402,"minecraft:interact_with_brewingstand":1,"minecraft:walk_on_water_one_cm":21069,"minecraft:total_world_time":219536,"minecraft:interact_with_smoker":1,"minecraft:fall_one_cm":56331},"minecraft:killed":{"minecells:mutated_bat":1,"minecells:runner":6,"minecraft:zombie_villager":1,"minecraft:spider":2,"minecells:undead_archer":6,"minecraft:creeper":1,"minecraft:skeleton":4,"minecraft:zombie":4,"minecells:shieldbearer":8,"minecells:leaping_zombie":51,"minecells:protector":3,"minecells:grenadier":2,"minecraft:cow":9}},"DataVersion":3465}