{"stats":{"minecraft:mined":{"minecraft:stone_pressure_plate":4,"minecells:putrid_fence":1,"minecraft:mossy_cobblestone":9,"minecraft:cobblestone_stairs":1,"minecraft:grass_block":2,"minecraft:infested_cobblestone":16,"minecraft:jungle_planks":1,"minecraft:redstone_wire":3,"minecraft:coal_block":33,"minecraft:mossy_cobblestone_slab":1,"treechop:chopped_log":5,"minecraft:cobblestone_slab":1,"minecraft:dirt_path":3,"minecells:wilted_wall_leaves":1,"minecells:king_statue":4,"regions_unexplored:medium_grass":4,"minecraft:stone":9,"ad_astra:sky_stone":23,"minecraft:tripwire":19,"minecraft:redstone_block":1,"minecraft:soul_sand":1,"minecraft:basalt":10,"minecraft:brown_carpet":9,"travelersbackpack:standard":1,"minecraft:crafting_table":4,"minecraft:tall_grass":4,"minecraft:cobblestone":10,"minecells:bloomrock":1,"minecraft:magenta_bed":1,"minecraft:yellow_bed":1,"minecraft:grass":19,"minecraft:coal_ore":1,"minecraft:gravel":1,"minecraft:dirt":1,"minecraft:stone_bricks":1,"minecraft:mossy_stone_bricks":3,"minecells:bloomrock_wilted_grass_block":1,"minecraft:piston":1,"minecraft:oak_leaves":3,"regions_unexplored:fireweed":1,"minecraft:fern":3},"minecraft:used":{"minecells:king_statue":4,"minecraft:stone_sword":42,"regions_unexplored:magnolia_boat":2,"mcdw:pick_diamond_pickaxe_var":69,"minecraft:chest":4,"minecraft:shield":11,"simplyswords:gold_sai":22,"minecraft:dirt":1,"minecraft:spyglass":2,"minecraft:jungle_planks":1,"minecraft:carrot":2,"spellbladenext:glacial_gladius":2,"farmersdelight:fried_rice":6,"minecells:blood_sword":28,"minecells:broadsword":563,"minecells:guts":37,"simplyswords:iron_scythe":32,"minecraft:golden_carrot":1,"minecraft:beef":5,"minecraft:leather_leggings":1,"minecraft:cobblestone_stairs":1,"minecraft:stone_pickaxe":9,"minecraft:wooden_pickaxe":9,"minecraft:mossy_cobblestone":1,"minecraft:crafting_table":6,"minecraft:magenta_bed":2,"regions_unexplored:magnolia_planks":7,"minecraft:bread":19,"minecraft:iron_pickaxe":73,"minecraft:leather_helmet":1,"ad_astra:sky_stone":2,"minecraft:stone_axe":45,"travelersbackpack:standard":9,"minecraft:brush":17,"regions_unexplored:maple_log":2},"minecraft:killed_by":{"minecells:undead_archer":1,"minecells:leaping_zombie":1},"minecraft:crafted":{"comforts:sleeping_bag_white":1,"regions_unexplored:maple_planks":32,"minecraft:stone_pickaxe":1,"mcdw:pick_diamond_pickaxe_var":1,"minecraft:chest":5,"minecraft:magenta_dye":1,"regions_unexplored:magnolia_planks":56,"minecraft:magenta_bed":1,"minecraft:crafting_table":3,"immersive_armors:heavy_chestplate":1,"minecraft:wooden_pickaxe":1,"travelersbackpack:standard":1,"minecraft:stone_axe":1,"minecraft:jungle_planks":24,"minecraft:white_wool":3,"minecraft:stick":12,"minecraft:iron_block":4,"regions_unexplored:magnolia_boat":1},"minecraft:picked_up":{"minecraft:crafting_table":4,"minecraft:redstone_block":1,"minecraft:leather_leggings":1,"regions_unexplored:magnolia_log":14,"minecells:king_statue":4,"ad_astra:sky_stone":22,"minecraft:string":29,"minecraft:beetroot":3,"mythicmobs:chupacabra_raw_meat":1,"twigs:pebble":3,"comforts:sleeping_bag_white":1,"minecraft:beef":31,"minecraft:redstone_torch":1,"minecraft:cobblestone_slab":1,"minecells:vine_rune":1,"minecraft:jungle_sapling":4,"minecraft:coal_block":32,"minecraft:piston":1,"minecells:transposition_core":1,"minecells:guts":9,"minecraft:stick":5,"minecraft:bowl":6,"minecells:monsters_eye":9,"ironchests:blank_chest_upgrade":1,"minecells:arcane_goo":1,"minecraft:redstone":4,"minecells:putrid_fence":1,"minecraft:brown_carpet":9,"minecraft:arrow":8,"minecraft:rotten_flesh":39,"regions_unexplored:magnolia_sapling":16,"minecraft:white_wool":2,"minecraft:cobblestone":19,"minecraft:mossy_cobblestone_slab":1,"minecraft:feather":2,"minecraft:basalt":10,"minecraft:jungle_log":179,"minecraft:leather":21,"minecraft:red_mushroom":4,"minecraft:filled_map":1,"minecraft:lily_pad":5,"minecraft:magenta_bed":1,"minecraft:yellow_bed":1,"minecraft:gunpowder":2,"minecraft:cobblestone_stairs":1,"minecraft:dirt":16,"minecells:health_flask":7,"minecraft:bone":7,"minecraft:apple":5,"minecraft:bow":3,"minecraft:wheat_seeds":14,"fishofthieves:earthworms":3,"minecraft:mossy_stone_bricks":2,"mythicmobs:bronze_ingot":7,"minecraft:bamboo":1,"twigs:twig":9,"simplyswords:diamond_sai":1,"minecraft:soul_sand":1,"travelersbackpack:blank_upgrade":2,"minecraft:brush":1,"patchouli:guide_book":1,"minecells:monster_cell":86,"minecells:infected_flesh":28,"minecraft:gravel":1,"minecraft:jungle_planks":17,"immersive_armors:divine_boots":1,"minecells:metal_shards":3,"minecells:ramparts_dimensional_rune":1,"minecraft:spider_eye":1,"minecraft:mossy_cobblestone":4,"travelersbackpack:standard":1,"regions_unexplored:fireweed":1,"minecells:explosive_bulb":2,"minecraft:coal":1,"regions_unexplored:maple_log":24,"minecells:bloomrock":2,"minecraft:gray_wool":1,"minecraft:emerald":22,"regions_unexplored:magnolia_boat":2,"minecraft:oak_sapling":2,"minecraft:ender_pearl":1},"minecraft:dropped":{"minecraft:enchanted_book":1,"minecraft:iron_ingot":11,"ironchests:blank_chest_upgrade":1,"minecraft:wheat_seeds":14,"minecells:transposition_core":1,"minecraft:mossy_cobblestone":1,"minecells:promenade_dimensional_rune":1,"minecraft:feather":2,"minecraft:cobblestone":6,"minecraft:leather":9,"minecells:greed_shield":1,"minecells:arcane_goo":1,"minecraft:apple":5,"minecraft:jungle_planks":16,"simplyswords:iron_halberd":1,"minecells:monsters_eye":5,"regions_unexplored:magnolia_sapling":16,"minecells:assault_shield":1,"minecraft:emerald":20,"minecells:bloomrock":2,"minecraft:dirt":2,"minecraft:gray_wool":1,"minecells:infected_flesh":8,"minecraft:brush":1,"mythicmobs:chupacabra_raw_meat":1,"minecells:explosive_bulb":1,"beachparty:rubber_ring_pelican":1,"minecraft:jungle_sapling":3,"minecraft:gold_nugget":4,"minecells:metal_shards":3,"regions_unexplored:maple_log":14,"minecraft:pink_petals":1,"minecraft:lily_pad":5,"minecraft:redstone_block":1,"simplyswords:gold_greathammer":1,"minecraft:iron_nugget":24,"minecraft:bowl":11,"simplyswords:diamond_sai":1,"minecraft:beetroot":6,"minecraft:rotten_flesh":24,"simplyswords:diamond_longsword":1,"minecells:assassins_dagger":1,"minecells:monster_cell":43,"patchouli:guide_book":1,"minecraft:filled_map":1,"minecraft:shield":1,"simplyswords:soulstealer":1,"minecraft:gunpowder":1,"fishofthieves:earthworms":1,"minecraft:jungle_log":116,"minecraft:oak_sapling":2,"minecraft:spider_eye":1,"comforts:sleeping_bag_white":1,"minecraft:arrow":1,"minecraft:bow":3,"minecells:cudgel":1,"minecraft:beef":11,"simplyswords:iron_claymore":1},"minecraft:custom":{"minecraft:inspect_dropper":2,"lootr:looted_stat":99,"minecraft:mob_kills":148,"minecraft:inspect_hopper":6,"minecraft:interact_with_crafting_table":24,"minecraft:bell_ring":5,"minecraft:damage_dealt_resisted":0,"minecraft:leave_game":11,"minecraft:time_since_death":144573,"minecraft:climb_one_cm":13032,"minecraft:sprint_one_cm":442891,"minecraft:walk_one_cm":548070,"minecraft:damage_blocked_by_shield":453,"minecraft:drop":98,"minecraft:talked_to_villager":1,"minecraft:play_time":308789,"minecraft:deaths":2,"minecraft:sneak_time":11379,"minecraft:walk_under_water_one_cm":11799,"minecraft:boat_one_cm":30983,"minecraft:jump":2844,"minecraft:interact_with_brewingstand":1,"minecraft:walk_on_water_one_cm":24305,"minecraft:total_world_time":308789,"minecraft:sleep_in_bed":5,"minecraft:hex":0,"minecraft:time_since_rest":18458,"minecraft:damage_taken":5219,"minecraft:damage_dealt":25508,"minecraft:swim_one_cm":22024,"minecraft:fly_one_cm":622074,"minecraft:open_chest":30,"minecraft:crouch_one_cm":36346,"minecraft:threat":1,"minecraft:interact_with_smoker":1,"minecraft:fall_one_cm":66090,"minecraft:inspect_dispenser":4},"minecraft:killed":{"minecells:mutated_bat":1,"minecraft:spider":8,"minecells:undead_archer":6,"minecraft:skeleton":8,"minecraft:silverfish":14,"mythicmobs:chupacabra":1,"minecells:leaping_zombie":51,"minecells:protector":3,"minecells:grenadier":2,"graveyard:ghoul":2,"minecells:runner":6,"minecraft:zombie_villager":1,"minecraft:creeper":1,"minecraft:sheep":4,"bewitchment:owl":2,"minecraft:zombie":6,"minecells:shieldbearer":8,"minecraft:enderman":1,"minecraft:cow":17}},"DataVersion":3465}