{"stats":{"minecraft:killed_by":{"minecells:leaping_zombie":1},"minecraft:picked_up":{"minecraft:leather":5,"simplyswords:iron_claymore":1,"minecraft:oak_log":16,"minecraft:bone":4,"minecraft:apple":1,"minecraft:wheat_seeds":3,"minecraft:iron_ingot":40,"minecraft:beef":6,"minecells:vine_rune":1,"minecraft:iron_nugget":24,"minecraft:egg":1,"minecraft:book":2,"minecells:guts":10,"minecraft:stick":12,"patchouli:guide_book":1,"minecells:monster_cell":27,"minecraft:bowl":2,"simplyswords:gold_greathammer":1,"minecells:infected_flesh":5,"minecells:monsters_eye":2,"minecells:assault_shield":1,"minecells:metal_shards":2,"minecells:cudgel":1,"techreborn:rubber_sapling":1,"beachparty:rubber_ring_pelican":1,"minecraft:firework_rocket":2,"minecraft:arrow":11,"minecraft:rotten_flesh":21,"simplyswords:soulstealer":1,"mythicmobs:kobold_spear":1,"minecraft:cherry_sapling":1,"bewitchment:ectoplasm":2,"minecraft:oak_sapling":4,"minecells:broadsword":5},"minecraft:custom":{"lootr:looted_stat":76,"minecraft:mob_kills":75,"minecraft:interact_with_crafting_table":4,"minecraft:damage_dealt_resisted":0,"minecraft:interact_with_grindstone":1,"minecraft:interact_with_stonecutter":2,"minecraft:leave_game":2,"minecraft:time_since_death":25308,"minecraft:sleep_in_bed":2,"minecraft:climb_one_cm":15868,"minecraft:hex":0,"minecraft:time_since_rest":25328,"minecraft:sprint_one_cm":576930,"minecraft:walk_one_cm":396716,"minecraft:damage_taken":5590,"minecraft:damage_absorbed":40,"minecraft:damage_blocked_by_shield":340,"minecraft:drop":47,"minecraft:damage_dealt":13690,"minecraft:swim_one_cm":65665,"minecraft:fly_one_cm":306157,"minecraft:open_chest":3,"minecraft:crouch_one_cm":1126,"minecraft:play_time":117189,"minecraft:deaths":1,"minecraft:sneak_time":231,"minecraft:walk_under_water_one_cm":7625,"minecraft:jump":1845,"minecraft:walk_on_water_one_cm":36794,"minecraft:total_world_time":117189,"minecraft:fall_one_cm":46509},"minecraft:broken":{"beachparty:rubber_ring_pelican":2,"minecraft:leather_leggings":1},"minecraft:crafted":{"minecraft:oak_planks":64,"minecraft:crafting_table":1},"minecraft:used":{"minecraft:stone_sword":36,"minecraft:oak_planks":17,"minecraft:shield":11,"minecraft:golden_apple":1,"minecraft:crafting_table":1,"minecraft:carrot":17,"minecraft:book":2,"minecells:monsters_eye":1,"farmersdelight:fried_rice":10,"minecraft:bread":37,"minecells:blood_sword":48,"minecells:broadsword":230,"minecells:guts":14,"minecraft:stone_axe":32,"paladins:stone_claymore":37,"minecraft:pumpkin_pie":4,"simplyswords:soulstealer":2,"beachparty:rubber_ring_pelican":1},"minecraft:killed":{"minecells:mutated_bat":9,"minecells:runner":4,"minecraft:spider":1,"minecells:undead_archer":9,"bewitchment:ghost":1,"mythicmobs:kobold":2,"minecraft:skeleton":3,"naturalist:coral_snake":1,"minecells:shieldbearer":2,"minecells:leaping_zombie":33,"minecells:protector":1,"minecells:grenadier":4,"minecells:buzzcutter":1,"minecraft:cow":2},"minecraft:mined":{"supplementaries:book_pile_horizontal":2,"regions_unexplored:maple_log":1,"minecraft:crafting_table":1,"minecraft:tall_grass":1,"treechop:chopped_log":2,"minecraft:grass":1,"minecraft:oak_leaves":3},"minecraft:dropped":{"simplyswords:gold_greathammer":1,"minecraft:wheat_seeds":3,"minecraft:iron_nugget":24,"minecraft:bowl":8,"minecraft:cherry_sapling":1,"minecraft:rotten_flesh":18,"techreborn:rubber_sapling":2,"minecells:monsters_eye":1,"minecraft:coal":5,"patchouli:guide_book":1,"minecraft:stick":2,"minecells:broadsword":5,"minecells:infected_flesh":5,"minecraft:shield":2,"minecraft:golden_carrot":1,"mythicmobs:kobold_spear":1,"minecraft:oak_sapling":4,"minecraft:map":1,"minecraft:leather_leggings":1,"minecells:metal_shards":2,"minecraft:gold_nugget":2,"minecells:health_flask":7,"minecraft:arrow":2,"minecraft:beef":6,"minecraft:paper":2,"simplyswords:iron_claymore":1,"minecraft:firework_rocket":6}},"DataVersion":3465}