{"stats":{"minecraft:mined":{"supplementaries:book_pile_horizontal":2,"regions_unexplored:cave_hyssop":2,"regions_unexplored:maple_log":1,"regions_unexplored:magnolia_log":3,"minecraft:purple_candle":1,"minecraft:crafting_table":1,"regions_unexplored:hanging_prismarite":15,"minecraft:grass_block":1,"minecraft:tall_grass":1,"regions_unexplored:large_prismarite_cluster":7,"minecraft:moss_block":1,"regions_unexplored:prismarite_cluster":14,"twigs:tangerine_seashell":1,"treechop:chopped_log":3,"minecraft:grass":2,"regions_unexplored:medium_grass":1,"regions_unexplored:prismoss_sprout":13,"minecraft:oak_leaves":3},"minecraft:used":{"minecraft:stone_sword":36,"minecraft:purple_candle":3,"minecraft:oak_planks":56,"minecraft:shield":11,"minecraft:golden_apple":3,"minecraft:crafting_table":1,"minecraft:carrot":19,"regions_unexplored:magnolia_planks":10,"minecraft:book":2,"promenade:duck":3,"minecells:monsters_eye":1,"farmersdelight:fried_rice":10,"minecraft:bread":45,"minecells:blood_sword":49,"minecells:broadsword":260,"minecells:guts":14,"minecraft:stone_axe":44,"paladins:stone_claymore":37,"minecraft:pumpkin_pie":4,"simplyswords:soulstealer":2,"beachparty:rubber_ring_pelican":1},"minecraft:killed_by":{"creeperoverhaul:ocean_creeper":1,"minecells:leaping_zombie":1},"minecraft:crafted":{"minecraft:oak_planks":64,"minecraft:crafting_table":1,"regions_unexplored:magnolia_planks":40},"minecraft:picked_up":{"minecraft:feather":3,"regions_unexplored:hanging_prismarite":18,"regions_unexplored:magnolia_log":10,"minecraft:leather":5,"simplyswords:iron_claymore":1,"minecraft:oak_log":16,"regions_unexplored:prismarite_cluster":13,"minecraft:bone":4,"minecraft:apple":1,"minecraft:wheat_seeds":3,"minecraft:iron_ingot":40,"minecraft:beef":6,"minecells:vine_rune":1,"minecraft:jungle_sapling":1,"minecraft:iron_nugget":24,"minecraft:egg":1,"minecraft:book":2,"minecells:guts":10,"minecraft:stick":12,"patchouli:guide_book":1,"promenade:duck":3,"simplyswords:gold_greathammer":1,"minecells:monster_cell":27,"minecraft:bowl":2,"minecells:monsters_eye":2,"minecells:infected_flesh":5,"minecells:assault_shield":2,"minecells:cudgel":1,"minecells:metal_shards":2,"techreborn:rubber_sapling":1,"regions_unexplored:pink_magnolia_sapling":4,"minecraft:purple_candle":3,"beachparty:rubber_ring_pelican":1,"minecraft:firework_rocket":2,"minecraft:arrow":11,"minecraft:rotten_flesh":21,"simplyswords:soulstealer":1,"minecraft:red_tulip":1,"mythicmobs:kobold_spear":1,"minecraft:cherry_sapling":1,"minecraft:bread":1,"bewitchment:ectoplasm":2,"minecraft:oak_sapling":4,"twigs:tangerine_seashell":1,"minecells:broadsword":5},"minecraft:dropped":{"simplyswords:gold_greathammer":1,"minecraft:wheat_seeds":3,"minecraft:iron_nugget":24,"minecraft:bowl":8,"minecraft:cherry_sapling":1,"minecraft:feather":3,"minecraft:rotten_flesh":18,"minecraft:oak_planks":4,"simplyswords:gold_glaive":1,"techreborn:rubber_sapling":2,"minecells:monsters_eye":1,"minecraft:coal":5,"patchouli:guide_book":1,"minecells:assault_shield":1,"minecraft:stick":2,"minecells:nutcracker":1,"minecells:broadsword":5,"minecells:infected_flesh":5,"minecraft:shield":2,"simplyswords:soulstealer":1,"minecraft:golden_carrot":1,"mythicmobs:kobold_spear":1,"minecraft:oak_sapling":4,"minecraft:map":1,"minecraft:leather_leggings":1,"minecraft:gold_nugget":2,"minecells:metal_shards":2,"minecells:health_flask":7,"minecraft:arrow":2,"minecraft:beef":6,"minecraft:paper":2,"simplyswords:iron_claymore":1,"minecraft:firework_rocket":6},"minecraft:broken":{"beachparty:rubber_ring_pelican":2,"minecraft:leather_leggings":1},"minecraft:custom":{"lootr:looted_stat":92,"minecraft:mob_kills":81,"minecraft:interact_with_crafting_table":4,"minecraft:interact_with_grindstone":1,"minecraft:damage_dealt_resisted":0,"minecraft:interact_with_stonecutter":2,"minecraft:leave_game":4,"minecraft:time_since_death":37621,"minecraft:sleep_in_bed":2,"minecraft:climb_one_cm":19842,"minecraft:hex":0,"minecraft:time_since_rest":37738,"minecraft:sprint_one_cm":698509,"minecraft:damage_absorbed":80,"minecraft:damage_taken":6536,"minecraft:walk_one_cm":504506,"minecraft:damage_blocked_by_shield":340,"minecraft:drop":54,"minecraft:damage_dealt":14743,"minecraft:swim_one_cm":213655,"minecraft:talked_to_villager":12,"minecraft:fly_one_cm":411872,"minecraft:player_kills":1,"minecraft:play_time":160525,"minecraft:open_chest":3,"minecraft:crouch_one_cm":3912,"minecraft:deaths":2,"minecraft:sneak_time":1010,"minecraft:walk_under_water_one_cm":14569,"minecraft:jump":2474,"minecraft:walk_on_water_one_cm":55206,"minecraft:total_world_time":160525,"minecraft:fall_one_cm":67033},"minecraft:killed":{"minecells:mutated_bat":9,"graveyard:ghoul":1,"minecells:runner":4,"promenade:duck":3,"minecraft:spider":1,"minecells:undead_archer":9,"bewitchment:ghost":1,"mythicmobs:kobold":2,"naturalist:coral_snake":1,"minecraft:skeleton":3,"minecraft:pillager":1,"minecells:shieldbearer":2,"minecells:leaping_zombie":33,"minecells:protector":1,"minecells:grenadier":4,"minecraft:player":1,"minecraft:villager":1,"minecells:buzzcutter":1,"minecraft:cow":2}},"DataVersion":3465}